Top queries,Clicks,Impressions,CTR,Position
new slot sites 2025,0,120,0%,81.54
book of dead rtp,0,45,0%,87.82
choosing the best online slots to play,0,36,0%,66.83
slot sites 2025,0,30,0%,78.17
uk slot sites 2025,0,29,0%,82.93
newslots,0,22,0%,92.23
coral casino review,0,21,0%,83.57
slot pick,0,14,0%,5
best online casinos reviews,0,14,0%,61.57
starburst rtp,0,14,0%,84.64
neptune play reviews,0,14,0%,85.14
dream vegas casino review,0,14,0%,93.36
neptune play review,0,13,0%,91.62
best online slots review,0,10,0%,46.5
new slot sites uk 2025,0,8,0%,85.88
gonzo's quest slot rtp,0,7,0%,54
nyspins review,0,6,0%,51.67
gonzo's quest slot review,0,6,0%,77.83
starburst slot rtp,0,6,0%,96.67
amazon slots reviews,0,5,0%,56.4
the sun play casino,0,5,0%,74.4
bästa slottar online,0,5,0%,82.2
gonzo's quest σχισμή,0,5,0%,83.8
dream vegas review,0,5,0%,94.8
uk slot games reviews,0,4,0%,91.75
gonzos quest rtp,0,3,0%,54
gonzo's quest rtp,0,3,0%,59.33
casinokings review,0,3,0%,60.67
gonzos quest extreme,0,3,0%,61
dreamvegas reviews,0,3,0%,63.67
best online slot reviews,0,3,0%,70.33
casino kings review,0,3,0%,76
neptune casino reviews,0,3,0%,82
stake limits,0,3,0%,91
best new casino,0,3,0%,94
gonzo´s quest,0,2,0%,37
best rated slots,0,2,0%,41
nyspins casino review,0,2,0%,59.5
wink slots,0,2,0%,61.5
wink alots,0,2,0%,64
gonzos quest palautusprosentti,0,2,0%,80.5
what is volatility in slots,0,2,0%,83.5
best slots uk 2025,0,1,0%,36
amazon slot,0,1,0%,43
wink slots casino review,0,1,0%,55
wink slots review,0,1,0%,57
nyspins reviews,0,1,0%,59
wink casino,0,1,0%,65
neptune play trustpilot,0,1,0%,73
sun play casino,0,1,0%,76
all british casino review,0,1,0%,77
slots 2025,0,1,0%,77
best slot sites 2025,0,1,0%,88
top slots reviews,0,1,0%,93
slot act 2025 update,0,1,0%,94
neptuneplay reviews,0,1,0%,95
coral casino reviews,0,1,0%,97
top-rated casino reviews,0,1,0%,97
best new slots,0,1,0%,116
slot limit,0,1,0%,146